<?xml version="1.0" encoding="utf-8" standalone="yes"?><rss version="2.0" xmlns:atom="http://www.w3.org/2005/Atom"><channel><title>Misc US Gov on Cletus's Blog</title><link>/cletus/tags/misc-us-gov/</link><description>Cletus's Blog (Misc US Gov)</description><generator>Hugo -- gohugo.io</generator><language>en</language><lastBuildDate>Wed, 05 Mar 2025 00:00:00 +0000</lastBuildDate><atom:link href="/cletus/tags/misc-us-gov/index.xml" rel="self" type="application/rss+xml"/><item><title>Misc US Gov - 2025-03-05 - EVE</title><link>/cletus/posts/eve_misc-us-gov_2025-03-05/</link><pubDate>Wed, 05 Mar 2025 00:00:00 +0000</pubDate><guid>/cletus/posts/eve_misc-us-gov_2025-03-05/</guid><description>&lt;h1 id="military-times" >
&lt;div>
&lt;a href="#military-times">
##
&lt;/a>
Military Times
&lt;/div>
&lt;/h1>
&lt;details>
&lt;summary>View Articles&lt;/summary>
&lt;br>
&lt;p>1 - &lt;a href='https://www.google.com/search?q=www.militarytimes.com+Transition+GuideOpens+in+new+window' target='_blank' rel='noopener noreferrer'>Search - &lt;/a> &lt;a href='https://12ft.io/https://www.militarytimes.com/smr/transition-guide/' target='_blank' rel='noopener noreferrer'>Transition GuideOpens in new window&lt;/a>&lt;/p>
&lt;p>2 - &lt;a href='https://www.google.com/search?q=www.militarytimes.com+Benefits+GuideOpens+in+new+window' target='_blank' rel='noopener noreferrer'>Search - &lt;/a> &lt;a href='https://12ft.io/https://www.militarytimes.com/smr/benefits-guide/' target='_blank' rel='noopener noreferrer'>Benefits GuideOpens in new window&lt;/a>&lt;/p>
&lt;p>3 - &lt;a href='https://www.google.com/search?q=www.militarytimes.com+Gear+ScoutOpens+in+new+window' target='_blank' rel='noopener noreferrer'>Search - &lt;/a> &lt;a href='https://12ft.io/https://www.militarytimes.com/off-duty/gearscout/' target='_blank' rel='noopener noreferrer'>Gear ScoutOpens in new window&lt;/a>&lt;/p>
&lt;p>4 - &lt;a href='https://www.google.com/search?q=www.militarytimes.com+RSS+FeedsOpens+in+new+window' target='_blank' rel='noopener noreferrer'>Search - &lt;/a> &lt;a href='https://12ft.io/https://www.militarytimes.com/m/military-times-rss-feeds/' target='_blank' rel='noopener noreferrer'>RSS FeedsOpens in new window&lt;/a>&lt;/p>
&lt;/details>
&lt;h1 id="army-cyber-command" >
&lt;div>
&lt;a href="#army-cyber-command">
##
&lt;/a>
Army Cyber Command
&lt;/div>
&lt;/h1>
&lt;details>
&lt;summary>View Articles&lt;/summary>
&lt;br>
&lt;p>1 - &lt;a href='https://www.google.com/search?q=breakingdefense.com+Military+Movies+%26+Video+Games' target='_blank' rel='noopener noreferrer'>Search - &lt;/a> &lt;a href='https://12ft.io/https://breakingdefense.com/tag/army-cyber-command/off-duty/movies-video-games' target='_blank' rel='noopener noreferrer'>Military Movies &amp;amp; Video Games&lt;/a>&lt;/p>
&lt;p>2 - &lt;a href='https://www.google.com/search?q=breakingdefense.com+Trump+lawyer+on+fired+vets%3A+%E2%80%98Perhaps+they%E2%80%99re+not+fit+to+have+a+job%E2%80%99' target='_blank' rel='noopener noreferrer'>Search - &lt;/a> &lt;a href='https://12ft.io/https://breakingdefense.com/tag/army-cyber-command/veterans/2025/03/05/trump-lawyer-on-fired-vets-perhaps-theyre-not-fit-to-have-a-job/' target='_blank' rel='noopener noreferrer'>Trump lawyer on fired vets: ‘Perhaps they’re not fit to have a job’&lt;/a>&lt;/p>
&lt;p>3 - &lt;a href='https://www.google.com/search?q=breakingdefense.com+Nonprofit+denies+media+access+to+major+military+medical+conference' target='_blank' rel='noopener noreferrer'>Search - &lt;/a> &lt;a href='https://12ft.io/https://breakingdefense.com/tag/army-cyber-command/pay-benefits/military-benefits/health-care/2025/03/04/nonprofit-denies-media-access-to-major-military-medical-conference/' target='_blank' rel='noopener noreferrer'>Nonprofit denies media access to major military medical conference&lt;/a>&lt;/p>
&lt;p>4 - &lt;a href='https://www.google.com/search?q=breakingdefense.com+Air+Force+revives+Skyraider+name+for+new+light+attack+aircraft' target='_blank' rel='noopener noreferrer'>Search - &lt;/a> &lt;a href='https://12ft.io/https://breakingdefense.com/tag/army-cyber-command/air-warfare/2025/03/04/air-force-revives-skyraider-name-for-new-light-attack-aircraft/' target='_blank' rel='noopener noreferrer'>Air Force revives Skyraider name for new light attack aircraft&lt;/a>&lt;/p>
&lt;p>5 - &lt;a href='https://www.google.com/search?q=breakingdefense.com+America+needs+military+lawyers+willing+to+uphold+its+principles' target='_blank' rel='noopener noreferrer'>Search - &lt;/a> &lt;a href='https://12ft.io/https://breakingdefense.com/tag/army-cyber-command/opinion/2025/03/04/america-needs-military-lawyers-willing-to-uphold-its-principles/' target='_blank' rel='noopener noreferrer'>America needs military lawyers willing to uphold its principles&lt;/a>&lt;/p>
&lt;p>6 - &lt;a href='https://www.google.com/search?q=breakingdefense.com+Fort+Cavazos+soldiers+say+AC+problems+tormented+them+for+over+a+month' target='_blank' rel='noopener noreferrer'>Search - &lt;/a> &lt;a href='https://12ft.io/https://breakingdefense.com/tag/army-cyber-command/news/your-army/2025/03/04/fort-cavazos-soldiers-say-ac-problems-tormented-them-for-over-a-month/' target='_blank' rel='noopener noreferrer'>Fort Cavazos soldiers say AC problems tormented them for over a month&lt;/a>&lt;/p>
&lt;p>7 - &lt;a href='https://www.google.com/search?q=breakingdefense.com+Voice-controlled+drones+a+military+game-changer%2C+Primordial+Labs+says' target='_blank' rel='noopener noreferrer'>Search - &lt;/a> &lt;a href='https://12ft.io/https://breakingdefense.com/tag/army-cyber-command/industry/techwatch/2025/03/04/voice-controlled-drones-a-military-game-changer-primordial-labs-says/' target='_blank' rel='noopener noreferrer'>Voice-controlled drones a military game-changer, Primordial Labs says&lt;/a>&lt;/p>
&lt;p>8 - &lt;a href='https://www.google.com/search?q=breakingdefense.com+Museum+exhibit+controversy+reignites+airman%E2%80%99s+Medal+of+Honor+dispute' target='_blank' rel='noopener noreferrer'>Search - &lt;/a> &lt;a href='https://12ft.io/https://breakingdefense.com/tag/army-cyber-command/news/your-military/2025/03/04/museum-exhibit-controversy-reignites-airmans-medal-of-honor-dispute/' target='_blank' rel='noopener noreferrer'>Museum exhibit controversy reignites airman’s Medal of Honor dispute&lt;/a>&lt;/p>
&lt;p>9 - &lt;a href='https://www.google.com/search?q=breakingdefense.com+Space+acquisition+hub+preparing+for+impact+of+Trump%E2%80%99s+workforce+cuts' target='_blank' rel='noopener noreferrer'>Search - &lt;/a> &lt;a href='https://12ft.io/https://breakingdefense.com/tag/army-cyber-command/space/2025/03/04/space-acquisition-hub-preparing-for-impact-of-trumps-workforce-cuts/' target='_blank' rel='noopener noreferrer'>Space acquisition hub preparing for impact of Trump’s workforce cuts&lt;/a>&lt;/p>
&lt;p>10 - &lt;a href='https://www.google.com/search?q=breakingdefense.com+Trump+pauses+military+aid+to+Ukraine+after+Oval+Office+blowup' target='_blank' rel='noopener noreferrer'>Search - &lt;/a> &lt;a href='https://12ft.io/https://breakingdefense.com/tag/army-cyber-command/pentagon/2025/03/04/trump-pauses-military-aid-to-ukraine-after-oval-office-blowup/' target='_blank' rel='noopener noreferrer'>Trump pauses military aid to Ukraine after Oval Office blowup&lt;/a>&lt;/p>
&lt;p>11 - &lt;a href='https://www.google.com/search?q=breakingdefense.com+Hegseth+halts+US+offensive+cyberoperations+against+Russia' target='_blank' rel='noopener noreferrer'>Search - &lt;/a> &lt;a href='https://12ft.io/https://breakingdefense.com/tag/army-cyber-command/pentagon/2025/03/04/hegseth-halts-us-offensive-cyberoperations-against-russia/' target='_blank' rel='noopener noreferrer'>Hegseth halts US offensive cyberoperations against Russia&lt;/a>&lt;/p>
&lt;p>12 - &lt;a href='https://www.google.com/search?q=breakingdefense.com+Your+2024+Military+Times+Pay+and+Benefits+Guide' target='_blank' rel='noopener noreferrer'>Search - &lt;/a> &lt;a href='https://12ft.io/https://breakingdefense.com/tag/army-cyber-command/military-benefits-guide/' target='_blank' rel='noopener noreferrer'>Your 2024 Military Times Pay and Benefits Guide&lt;/a>&lt;/p>
&lt;p>13 - &lt;a href='https://www.google.com/search?q=breakingdefense.com+What+to+know+for+a+smooth+PCS+move+in+2024' target='_blank' rel='noopener noreferrer'>Search - &lt;/a> &lt;a href='https://12ft.io/https://breakingdefense.com/tag/army-cyber-command/pay-benefits/mil-money/2024/04/02/no-snakes-in-couches-what-to-know-for-a-smooth-pcs-move-in-2024/' target='_blank' rel='noopener noreferrer'>What to know for a smooth PCS move in 2024&lt;/a>&lt;/p>
&lt;p>14 - &lt;a href='https://www.google.com/search?q=breakingdefense.com+First+Black+officer+to+earn+Medal+of+Honor+sacrificed+all+in+Vietnam' target='_blank' rel='noopener noreferrer'>Search - &lt;/a> &lt;a href='https://12ft.io/https://breakingdefense.com/tag/army-cyber-command/news/your-military/2025/03/04/first-black-officer-to-earn-medal-of-honor-sacrificed-all-in-vietnam/' target='_blank' rel='noopener noreferrer'>First Black officer to earn Medal of Honor sacrificed all in Vietnam&lt;/a>&lt;/p>
&lt;p>15 - &lt;a href='https://www.google.com/search?q=breakingdefense.com+New+Army+ammo+facility+to+supply+millions+of+6.8+mm+rounds+annually' target='_blank' rel='noopener noreferrer'>Search - &lt;/a> &lt;a href='https://12ft.io/https://breakingdefense.com/tag/army-cyber-command/news/your-army/2025/03/03/new-army-ammo-facility-to-supply-millions-of-68-mm-rounds-annually/' target='_blank' rel='noopener noreferrer'>New Army ammo facility to supply millions of 6.8 mm rounds annually&lt;/a>&lt;/p>
&lt;p>16 - &lt;a href='https://www.google.com/search?q=breakingdefense.com+DOGE+shouldn%E2%80%99t+have+unfettered+Pentagon+access' target='_blank' rel='noopener noreferrer'>Search - &lt;/a> &lt;a href='https://12ft.io/https://breakingdefense.com/tag/army-cyber-command/opinion/2025/03/04/doge-shouldnt-have-unfettered-pentagon-access/' target='_blank' rel='noopener noreferrer'>DOGE shouldn’t have unfettered Pentagon access&lt;/a>&lt;/p>
&lt;p>17 - &lt;a href='https://www.google.com/search?q=breakingdefense.com+Troops%2C+veterans+to+see+drop+in+life+insurance+costs' target='_blank' rel='noopener noreferrer'>Search - &lt;/a> &lt;a href='https://12ft.io/https://breakingdefense.com/tag/army-cyber-command/pay-benefits/mil-money/2025/02/27/troops-veterans-to-see-drop-in-life-insurance-costs/' target='_blank' rel='noopener noreferrer'>Troops, veterans to see drop in life insurance costs&lt;/a>&lt;/p>
&lt;p>18 - &lt;a href='https://www.google.com/search?q=breakingdefense.com+Gene+Hackman%2C+Oscar-winning+actor+and+Marine+veteran%2C+dies+at+95' target='_blank' rel='noopener noreferrer'>Search - &lt;/a> &lt;a href='https://12ft.io/https://breakingdefense.com/tag/army-cyber-command/off-duty/military-culture/2025/02/27/gene-hackman-oscar-winning-actor-and-marine-veteran-dies-at-95/' target='_blank' rel='noopener noreferrer'>Gene Hackman, Oscar-winning actor and Marine veteran, dies at 95&lt;/a>&lt;/p>
&lt;p>19 - &lt;a href='https://www.google.com/search?q=breakingdefense.com+Military+spouses+still+face+confusion+in+federal+return-to-office+rule' target='_blank' rel='noopener noreferrer'>Search - &lt;/a> &lt;a href='https://12ft.io/https://breakingdefense.com/tag/army-cyber-command/pay-benefits/mil-money/2025/02/26/military-spouses-still-face-confusion-in-federal-return-to-office-rule/' target='_blank' rel='noopener noreferrer'>Military spouses still face confusion in federal return-to-office rule&lt;/a>&lt;/p>
&lt;p>20 - &lt;a href='https://www.google.com/search?q=breakingdefense.com+Ending+military+diversity+efforts+will+cost+us+talent+and+readiness' target='_blank' rel='noopener noreferrer'>Search - &lt;/a> &lt;a href='https://12ft.io/https://breakingdefense.com/tag/army-cyber-command/opinion/2025/02/21/ending-military-diversity-efforts-will-cost-us/' target='_blank' rel='noopener noreferrer'>Ending military diversity efforts will cost us talent and readiness&lt;/a>&lt;/p>
&lt;p>21 - &lt;a href='https://www.google.com/search?q=breakingdefense.com+The+US+must+reform+an+arms+sales+process+that+invites+dawdling' target='_blank' rel='noopener noreferrer'>Search - &lt;/a> &lt;a href='https://12ft.io/https://breakingdefense.com/tag/army-cyber-command/opinion/2025/02/19/the-us-must-reform-an-arms-sales-process-that-invites-dawdling/' target='_blank' rel='noopener noreferrer'>The US must reform an arms sales process that invites dawdling&lt;/a>&lt;/p>
&lt;p>22 - &lt;a href='https://www.google.com/search?q=breakingdefense.com+Life+of+pie%3A+Soldier+charged+with+loan+fraud+in+bakery+boondoggle' target='_blank' rel='noopener noreferrer'>Search - &lt;/a> &lt;a href='https://12ft.io/https://breakingdefense.com/tag/army-cyber-command/off-duty/military-culture/2024/12/06/life-of-pie-soldier-charged-with-loan-fraud-in-bakery-boondoggle/' target='_blank' rel='noopener noreferrer'>Life of pie: Soldier charged with loan fraud in bakery boondoggle&lt;/a>&lt;/p>
&lt;p>23 - &lt;a href='https://www.google.com/search?q=breakingdefense.com+Marine+lights+candles+for+romantic+hotel+surprise%2C+sets+room+on+fire' target='_blank' rel='noopener noreferrer'>Search - &lt;/a> &lt;a href='https://12ft.io/https://breakingdefense.com/tag/army-cyber-command/news/your-military/2024/11/27/marine-lights-candles-for-romantic-hotel-surprise-sets-room-on-fire/' target='_blank' rel='noopener noreferrer'>Marine lights candles for romantic hotel surprise, sets room on fire&lt;/a>&lt;/p>
&lt;p>24 - &lt;a href='https://www.google.com/search?q=breakingdefense.com+Did+a+US+F-22+shoot+down+a+UFO%3F+Photo+of+aerial+object+adds+to+mystery' target='_blank' rel='noopener noreferrer'>Search - &lt;/a> &lt;a href='https://12ft.io/https://breakingdefense.com/tag/army-cyber-command/news/your-military/2024/09/26/did-a-us-f-22-shoot-down-a-ufo-photo-of-aerial-object-adds-to-mystery/' target='_blank' rel='noopener noreferrer'>Did a US F-22 shoot down a UFO? Photo of aerial object adds to mystery&lt;/a>&lt;/p>
&lt;p>25 - &lt;a href='https://www.google.com/search?q=breakingdefense.com+Air+Force+Falcons+unveil+glorious+AFSOC-themed+football+unis' target='_blank' rel='noopener noreferrer'>Search - &lt;/a> &lt;a href='https://12ft.io/https://breakingdefense.com/tag/army-cyber-command/news/your-air-force/2024/08/14/air-force-falcons-unveil-glorious-afsoc-themed-football-unis/' target='_blank' rel='noopener noreferrer'>Air Force Falcons unveil glorious AFSOC-themed football unis&lt;/a>&lt;/p>
&lt;p>26 - &lt;a href='https://www.google.com/search?q=breakingdefense.com+Meal%2C+Ready-to-Bulk%3F+Pentagon+urged+to+add+creatine+to+MREs' target='_blank' rel='noopener noreferrer'>Search - &lt;/a> &lt;a href='https://12ft.io/https://breakingdefense.com/tag/army-cyber-command/news/your-military/2024/07/11/meal-ready-to-bulk-pentagon-urged-to-add-creatine-to-mres/' target='_blank' rel='noopener noreferrer'>Meal, Ready-to-Bulk? Pentagon urged to add creatine to MREs&lt;/a>&lt;/p>
&lt;p>27 - &lt;a href='https://www.google.com/search?q=breakingdefense.com+Good+Lord%2C+the+head+of+U.S.+2nd+Fleet+is+a+PT+stud' target='_blank' rel='noopener noreferrer'>Search - &lt;/a> &lt;a href='https://12ft.io/https://breakingdefense.com/tag/army-cyber-command/news/your-navy/2024/06/07/good-lord-the-head-of-us-2nd-fleet-is-a-pt-stud/' target='_blank' rel='noopener noreferrer'>Good Lord, the head of U.S. 2nd Fleet is a PT stud&lt;/a>&lt;/p>
&lt;p>28 - &lt;a href='https://www.google.com/search?q=breakingdefense.com+A+personal+account+of+a+paratrooper+who+jumped+into+Normandy+on+D-Day' target='_blank' rel='noopener noreferrer'>Search - &lt;/a> &lt;a href='https://12ft.io/https://breakingdefense.com/tag/army-cyber-command/news/your-military/2024/06/06/a-personal-account-of-a-paratrooper-who-jumped-into-normandy-on-d-day/' target='_blank' rel='noopener noreferrer'>A personal account of a paratrooper who jumped into Normandy on D-Day&lt;/a>&lt;/p>
&lt;p>29 - &lt;a href='https://www.google.com/search?q=breakingdefense.com+Chinese+Jody+hit+with+jail+time+after+stealing+military+spouse' target='_blank' rel='noopener noreferrer'>Search - &lt;/a> &lt;a href='https://12ft.io/https://breakingdefense.com/tag/army-cyber-command/off-duty/military-culture/2024/02/22/chinese-jody-hit-with-jail-time-after-stealing-military-spouse/' target='_blank' rel='noopener noreferrer'>Chinese Jody hit with jail time after stealing military spouse&lt;/a>&lt;/p>
&lt;p>30 - &lt;a href='https://www.google.com/search?q=breakingdefense.com+ChatGPT-val%3A+Sailor+claims+AI+helped+write+annual+performance+eval' target='_blank' rel='noopener noreferrer'>Search - &lt;/a> &lt;a href='https://12ft.io/https://breakingdefense.com/tag/army-cyber-command/news/your-military/2024/02/20/chatgpt-val-sailor-claims-ai-helped-write-annual-performance-eval/' target='_blank' rel='noopener noreferrer'>ChatGPT-val: Sailor claims AI helped write annual performance eval&lt;/a>&lt;/p>
&lt;p>31 - &lt;a href='https://www.google.com/search?q=breakingdefense.com+Passenger+absolved+of+in-flight+bomb+hoax+that+prompted+F-18+response' target='_blank' rel='noopener noreferrer'>Search - &lt;/a> &lt;a href='https://12ft.io/https://breakingdefense.com/tag/army-cyber-command/off-duty/military-culture/2024/01/30/passenger-absolved-of-in-flight-bomb-hoax-that-prompted-f-18-response/' target='_blank' rel='noopener noreferrer'>Passenger absolved of in-flight bomb hoax that prompted F-18 response&lt;/a>&lt;/p>
&lt;p>32 - &lt;a href='https://www.google.com/search?q=breakingdefense.com+Firings+and+spending+cuts+loom+at+the+Pentagon+%7C+Defense+News+Weekly+Full+Episode+2.29.25' target='_blank' rel='noopener noreferrer'>Search - &lt;/a> &lt;a href='https://12ft.io/https://breakingdefense.com/tag/army-cyber-command/video/2025/02/28/firings-and-spending-cuts-loom-at-the-pentagon-defense-news-weekly-full-episode-22925/' target='_blank' rel='noopener noreferrer'>Firings and spending cuts loom at the Pentagon | Defense News Weekly Full Episode 2.29.25&lt;/a>&lt;/p>
&lt;p>33 - &lt;a href='https://www.google.com/search?q=breakingdefense.com+What%E2%80%99s+the+difference+between+private+and+federal+student+loans%3F++%E2%80%94+Money+Minute' target='_blank' rel='noopener noreferrer'>Search - &lt;/a> &lt;a href='https://12ft.io/https://breakingdefense.com/tag/army-cyber-command/video/2025/03/03/whats-the-difference-between-private-and-federal-student-loans-money-minute/' target='_blank' rel='noopener noreferrer'>What’s the difference between private and federal student loans? — Money Minute&lt;/a>&lt;/p>
&lt;p>34 - &lt;a href='https://www.google.com/search?q=breakingdefense.com+What+might+budget+cuts+at+the+Pentagon+look+like%3F' target='_blank' rel='noopener noreferrer'>Search - &lt;/a> &lt;a href='https://12ft.io/https://breakingdefense.com/tag/army-cyber-command/video/2025/02/28/what-might-budget-cuts-at-the-pentagon-look-like/' target='_blank' rel='noopener noreferrer'>What might budget cuts at the Pentagon look like?&lt;/a>&lt;/p>
&lt;p>35 - &lt;a href='https://www.google.com/search?q=breakingdefense.com+Peering+into+the+future+of+changes+at+the+Pentagon' target='_blank' rel='noopener noreferrer'>Search - &lt;/a> &lt;a href='https://12ft.io/https://breakingdefense.com/tag/army-cyber-command/video/2025/02/28/peering-into-the-future-of-changes-at-the-pentagon/' target='_blank' rel='noopener noreferrer'>Peering into the future of changes at the Pentagon&lt;/a>&lt;/p>
&lt;p>36 - &lt;a href='https://www.google.com/search?q=breakingdefense.com+A+raft+of+personnel+changes+sweeps+the+Pentagon' target='_blank' rel='noopener noreferrer'>Search - &lt;/a> &lt;a href='https://12ft.io/https://breakingdefense.com/tag/army-cyber-command/video/2025/02/28/a-raft-of-personnel-changes-sweeps-the-pentagon/' target='_blank' rel='noopener noreferrer'>A raft of personnel changes sweeps the Pentagon&lt;/a>&lt;/p>
&lt;p>37 - &lt;a href='https://www.google.com/search?q=breakingdefense.com+Is+an+%27Iron+Dome%27+the+future+of+strategic+homeland+missile+defense%3F' target='_blank' rel='noopener noreferrer'>Search - &lt;/a> &lt;a href='https://12ft.io/https://breakingdefense.com/tag/army-cyber-command/video/2025/02/21/is-an-iron-dome-the-future-of-strategic-homeland-missile-defense/' target='_blank' rel='noopener noreferrer'>Is an &amp;lsquo;Iron Dome&amp;rsquo; the future of strategic homeland missile defense?&lt;/a>&lt;/p>
&lt;p>38 - &lt;a href='https://www.google.com/search?q=breakingdefense.com+US+carrier+arrives+in+South+Korea+after+North+Korea+missile+test' target='_blank' rel='noopener noreferrer'>Search - &lt;/a> &lt;a href='https://12ft.io/https://breakingdefense.com/tag/army-cyber-command/news/your-navy/2025/03/03/us-carrier-arrives-in-south-korea-after-north-korea-missile-test/' target='_blank' rel='noopener noreferrer'>US carrier arrives in South Korea after North Korea missile test&lt;/a>&lt;/p>
&lt;p>39 - &lt;a href='https://www.google.com/search?q=breakingdefense.com+Trump+administration+eases+restrictions+on+military+airstrikes' target='_blank' rel='noopener noreferrer'>Search - &lt;/a> &lt;a href='https://12ft.io/https://breakingdefense.com/tag/army-cyber-command/air-warfare/2025/03/03/trump-administration-eases-restrictions-on-military-airstrikes/' target='_blank' rel='noopener noreferrer'>Trump administration eases restrictions on military airstrikes&lt;/a>&lt;/p>
&lt;p>40 - &lt;a href='https://www.google.com/search?q=breakingdefense.com+After+review%2C+VA+scales+back+plans+for+contract+cancellations' target='_blank' rel='noopener noreferrer'>Search - &lt;/a> &lt;a href='https://12ft.io/https://breakingdefense.com/tag/army-cyber-command/veterans/2025/03/03/after-review-va-scales-back-plans-for-contract-cancellations/' target='_blank' rel='noopener noreferrer'>After review, VA scales back plans for contract cancellations&lt;/a>&lt;/p>
&lt;p>41 - &lt;a href='https://www.google.com/search?q=breakingdefense.com+Hegseth+returns+Army+base+to+Fort+Benning+in+second+naming+reversal' target='_blank' rel='noopener noreferrer'>Search - &lt;/a> &lt;a href='https://12ft.io/https://breakingdefense.com/tag/army-cyber-command/news/your-military/2025/03/03/hegseth-returns-army-base-to-fort-benning-in-second-naming-reversal/' target='_blank' rel='noopener noreferrer'>Hegseth returns Army base to Fort Benning in second naming reversal&lt;/a>&lt;/p>
&lt;p>42 - &lt;a href='https://www.google.com/search?q=breakingdefense.com+West+Point+colonel+faces+misconduct+charges+for+third+time' target='_blank' rel='noopener noreferrer'>Search - &lt;/a> &lt;a href='https://12ft.io/https://breakingdefense.com/tag/army-cyber-command/news/your-army/2025/03/03/west-point-colonel-faces-misconduct-charges-for-third-time/' target='_blank' rel='noopener noreferrer'>West Point colonel faces misconduct charges for third time&lt;/a>&lt;/p>
&lt;p>43 - &lt;a href='https://www.google.com/search?q=breakingdefense.com+Pentagon+sending+Stryker+brigade%2C+more+troops+to+US-Mexico+border' target='_blank' rel='noopener noreferrer'>Search - &lt;/a> &lt;a href='https://12ft.io/https://breakingdefense.com/tag/army-cyber-command/news/your-military/2025/03/03/pentagon-sending-stryker-brigade-more-troops-to-us-mexico-border/' target='_blank' rel='noopener noreferrer'>Pentagon sending Stryker brigade, more troops to US-Mexico border&lt;/a>&lt;/p>
&lt;p>44 - &lt;a href='https://www.google.com/search?q=breakingdefense.com+Air+Force+four-star+warns+pilots+of+Chinese-backed+aviation+companies' target='_blank' rel='noopener noreferrer'>Search - &lt;/a> &lt;a href='https://12ft.io/https://breakingdefense.com/tag/army-cyber-command/air-warfare/2025/03/03/air-force-four-star-warns-pilots-of-chinese-backed-aviation-companies/' target='_blank' rel='noopener noreferrer'>Air Force four-star warns pilots of Chinese-backed aviation companies&lt;/a>&lt;/p>
&lt;p>45 - &lt;a href='https://www.google.com/search?q=breakingdefense.com+Defense+Health+Agency+director+retires+abruptly' target='_blank' rel='noopener noreferrer'>Search - &lt;/a> &lt;a href='https://12ft.io/https://breakingdefense.com/tag/army-cyber-command/news/pentagon-congress/2025/02/28/defense-health-agency-director-retires-abruptly/' target='_blank' rel='noopener noreferrer'>Defense Health Agency director retires abruptly&lt;/a>&lt;/p>
&lt;p>46 - &lt;a href='https://www.google.com/search?q=breakingdefense.com+DOD+civilians+ordered+to+respond+to+%E2%80%98what+did+you+do+last+week%3F%E2%80%99+email' target='_blank' rel='noopener noreferrer'>Search - &lt;/a> &lt;a href='https://12ft.io/https://breakingdefense.com/tag/army-cyber-command/news/pentagon-congress/2025/02/28/dod-civilians-ordered-to-respond-to-what-did-you-do-last-week-email/' target='_blank' rel='noopener noreferrer'>DOD civilians ordered to respond to ‘what did you do last week?’ email&lt;/a>&lt;/p>
&lt;p>47 - &lt;a href='https://www.google.com/search?q=breakingdefense.com+SECRETARY+OF+DEFENSE+PETE+HEGSETH' target='_blank' rel='noopener noreferrer'>Search - &lt;/a> &lt;a href='https://12ft.io/https://breakingdefense.com/tag/army-cyber-command/feature/SECDEFHegseth' target='_blank' rel='noopener noreferrer'>SECRETARY OF DEFENSE PETE HEGSETH&lt;/a>&lt;/p>
&lt;p>48 - &lt;a href='https://www.google.com/search?q=breakingdefense.com+Airman+1st+Class+Nicholas+Momotiuk' target='_blank' rel='noopener noreferrer'>Search - &lt;/a> &lt;a href='https://12ft.io/https://breakingdefense.com/tag/army-cyber-command/portfolio/1831496/nicholas-momotiuk' target='_blank' rel='noopener noreferrer'>Airman 1st Class Nicholas Momotiuk&lt;/a>&lt;/p>
&lt;p>49 - &lt;a href='https://www.google.com/search?q=breakingdefense.com+Sgt.+1st+Class+Justin+Geiger' target='_blank' rel='noopener noreferrer'>Search - &lt;/a> &lt;a href='https://12ft.io/https://breakingdefense.com/tag/army-cyber-command/portfolio/1769884/justin-geiger' target='_blank' rel='noopener noreferrer'>Sgt. 1st Class Justin Geiger&lt;/a>&lt;/p>
&lt;p>50 - &lt;a href='https://www.google.com/search?q=breakingdefense.com+Airman+1st+Class+Spencer+Hanson' target='_blank' rel='noopener noreferrer'>Search - &lt;/a> &lt;a href='https://12ft.io/https://breakingdefense.com/tag/army-cyber-command/portfolio/1810336/spencer-hanson' target='_blank' rel='noopener noreferrer'>Airman 1st Class Spencer Hanson&lt;/a>&lt;/p>
&lt;p>51 - &lt;a href='https://www.google.com/search?q=breakingdefense.com+Airman+1st+Class+Mattison+Cole' target='_blank' rel='noopener noreferrer'>Search - &lt;/a> &lt;a href='https://12ft.io/https://breakingdefense.com/tag/army-cyber-command/portfolio/1785442/mattison-cole' target='_blank' rel='noopener noreferrer'>Airman 1st Class Mattison Cole&lt;/a>&lt;/p>
&lt;p>52 - &lt;a href='https://www.google.com/search?q=breakingdefense.com+Airman+1st+Class+Kamiyah+Burks' target='_blank' rel='noopener noreferrer'>Search - &lt;/a> &lt;a href='https://12ft.io/https://breakingdefense.com/tag/army-cyber-command/portfolio/1858787/kamiyah-burks' target='_blank' rel='noopener noreferrer'>Airman 1st Class Kamiyah Burks&lt;/a>&lt;/p>
&lt;/details></description></item></channel></rss>