<?xml version="1.0" encoding="utf-8" standalone="yes"?><rss version="2.0" xmlns:atom="http://www.w3.org/2005/Atom"><channel><title>Videos on Cletus's Blog</title><link>/cletus/tags/videos/</link><description>Cletus's Blog (Videos)</description><generator>Hugo -- gohugo.io</generator><language>en</language><lastBuildDate>Wed, 05 Mar 2025 00:00:00 +0000</lastBuildDate><atom:link href="/cletus/tags/videos/index.xml" rel="self" type="application/rss+xml"/><item><title>Videos - 2025-03-05 - EVE</title><link>/cletus/posts/eve_videos_2025-03-05/</link><pubDate>Wed, 05 Mar 2025 00:00:00 +0000</pubDate><guid>/cletus/posts/eve_videos_2025-03-05/</guid><description/></item></channel></rss>